characters	player-01	1024x1536 portrait
characters	player-01-emotions	1536x1024 landscape
characters	player-02	1024x1536 portrait
characters	player-02-emotions	1536x1024 landscape
characters	player-03	1024x1536 portrait
characters	player-03-emotions	1536x1024 landscape
characters	player-04	1024x1536 portrait
characters	player-04-emotions	1536x1024 landscape
characters	player-05	1024x1536 portrait
characters	player-05-emotions	1536x1024 landscape
characters	player-06	1024x1536 portrait
characters	player-06-emotions	1536x1024 landscape
characters	jones	1024x1536 portrait
characters	jones-emotions	1536x1024 landscape
locations	your-place-1	1024x1024 square
locations	your-place-2	1024x1024 square
locations	your-place-3	1024x1024 square
locations	your-place-4	1024x1024 square
locations	your-place-5	1024x1024 square
locations	leaselord	1024x1024 square
locations	joblink	1024x1024 square
locations	upskill-u	1024x1024 square
locations	fulfillment	1024x1024 square
locations	burger-bot	1024x1024 square
locations	freshmart	1024x1024 square
locations	thriftup	1024x1024 square
locations	circuit-planet	1024x1024 square
locations	neobank	1024x1024 square
locations	gighub	1024x1024 square
items	item-laptop	1024x1024 square
items	item-ai-assistant	1024x1024 square
items	item-fridge	1024x1024 square
items	item-e-scooter	1024x1024 square
items	item-headphones	1024x1024 square
items	item-air-fryer	1024x1024 square
items	item-smart-lock	1024x1024 square
items	item-phone	1024x1024 square
items	outfit-casual	1024x1024 square
items	outfit-smart	1024x1024 square
items	outfit-business	1024x1024 square
items	outfit-founder-hoodie	1024x1024 square
events	event-work	1536x1024 landscape
events	event-money	1536x1024 landscape
events	event-life	1536x1024 landscape
events	event-health	1536x1024 landscape
events	event-housing	1536x1024 landscape
events	event-viral	1536x1024 landscape
events	event-climate	1536x1024 landscape
backgrounds	backdrop-day	1536x1024 landscape
backgrounds	interior-tier-1	1536x1024 landscape
backgrounds	interior-tier-2	1536x1024 landscape
backgrounds	interior-tier-3	1536x1024 landscape
backgrounds	interior-tier-4	1536x1024 landscape
backgrounds	interior-tier-5	1536x1024 landscape
